{"cameraMode":{"drawMode":0,"name":"Shaded","section":"Shading Mode"},"sceneLighting":false,"audioPlay":false,"sceneViewState":{"showFog":true,"showMaterialUpdate":false,"showSkybox":true,"showFlares":true,"showImageEffects":true,"showParticleSystems":true},"in2DMode":false,"pivot":{"x":-2.2132866382598879,"y":2.293478488922119,"z":22.485271453857423},"rotation":{"x":0.002178122056648135,"y":-0.9948734641075134,"z":0.09881604462862015,"w":0.021784916520118715},"size":-0.22639518976211549,"orthographic":false}