{"cameraMode":{"drawMode":0,"name":"Shaded","section":"Shading Mode"},"sceneLighting":false,"audioPlay":false,"sceneViewState":{"showFog":true,"showMaterialUpdate":false,"showSkybox":true,"showFlares":true,"showImageEffects":true,"showParticleSystems":true},"in2DMode":false,"pivot":{"x":-18.39316749572754,"y":-7.540882110595703,"z":11.946263313293457},"rotation":{"x":0.29615357518196108,"y":-0.6196269392967224,"z":0.2722506523132324,"w":0.6739794611930847},"size":35.634368896484378,"orthographic":false}