{"cameraMode":{"drawMode":0,"name":"Shaded","section":"Shading Mode"},"sceneLighting":false,"audioPlay":false,"sceneViewState":{"showFog":true,"showMaterialUpdate":false,"showSkybox":true,"showFlares":true,"showImageEffects":true,"showParticleSystems":true},"in2DMode":false,"pivot":{"x":0.02348804473876953,"y":0.8708679676055908,"z":0.1100480705499649},"rotation":{"x":-0.24846673011779786,"y":0.6564991474151611,"z":-0.24374088644981385,"w":-0.6692287921905518},"size":4.461231231689453,"orthographic":false}