{"cameraMode":{"drawMode":0,"name":"Shaded","section":"Shading Mode"},"sceneLighting":false,"audioPlay":false,"sceneViewState":{"showFog":true,"showMaterialUpdate":false,"showSkybox":true,"showFlares":true,"showImageEffects":true,"showParticleSystems":true},"in2DMode":false,"pivot":{"x":-2.0192699432373049,"y":3.004460334777832,"z":20.189865112304689},"rotation":{"x":-0.0059622833505272869,"y":-0.9468544721603394,"z":0.3211519122123718,"w":-0.017622679471969606},"size":7.287355422973633,"orthographic":false}