{"cameraMode":{"drawMode":0,"name":"Shaded","section":"Shading Mode"},"sceneLighting":true,"audioPlay":false,"sceneViewState":{"showFog":true,"showMaterialUpdate":true,"showSkybox":true,"showFlares":true,"showImageEffects":true,"showParticleSystems":true},"in2DMode":false,"pivot":{"x":3.854487895965576,"y":10.91573429107666,"z":4.703121185302734},"rotation":{"x":-0.20512211322784425,"y":0.5703136920928955,"z":-0.14981471002101899,"w":-0.7812214493751526},"size":1.8452343940734864,"orthographic":false}