{"cameraMode":{"drawMode":0,"name":"Shaded","section":"Shading Mode"},"sceneLighting":true,"audioPlay":false,"sceneViewState":{"showFog":true,"showMaterialUpdate":false,"showSkybox":true,"showFlares":true,"showImageEffects":true,"showParticleSystems":true},"in2DMode":false,"pivot":{"x":-4.2162017822265629,"y":4.634444236755371,"z":12.187759399414063},"rotation":{"x":-0.23947478830814362,"y":0.5962256789207459,"z":-0.19250695407390595,"w":-0.7416924238204956},"size":14.579883575439454,"orthographic":false}