{"cameraMode":{"drawMode":0,"name":"Shaded","section":"Shading Mode"},"sceneLighting":false,"audioPlay":false,"sceneViewState":{"showFog":true,"showMaterialUpdate":false,"showSkybox":true,"showFlares":true,"showImageEffects":true,"showParticleSystems":true},"in2DMode":false,"pivot":{"x":-22.920799255371095,"y":-2.3529739379882814,"z":14.46091365814209},"rotation":{"x":0.24642488360404969,"y":-0.6177138090133667,"z":0.21260710060596467,"w":0.7159015536308289},"size":39.23042678833008,"orthographic":false}