{"cameraMode":{"drawMode":0,"name":"Shaded","section":"Shading Mode"},"sceneLighting":false,"audioPlay":false,"sceneViewState":{"showFog":true,"showMaterialUpdate":false,"showSkybox":true,"showFlares":true,"showImageEffects":true,"showParticleSystems":true},"in2DMode":false,"pivot":{"x":-15.010638236999512,"y":4.785902976989746,"z":23.988527297973634},"rotation":{"x":0.17300239205360413,"y":0.0375143326818943,"z":-0.006607783492654562,"w":0.9842097759246826},"size":109.48192596435547,"orthographic":false}