{"cameraMode":{"drawMode":0,"name":"Shaded","section":"Shading Mode"},"sceneLighting":true,"audioPlay":false,"sceneViewState":{"showFog":true,"showMaterialUpdate":false,"showSkybox":true,"showFlares":true,"showImageEffects":true,"showParticleSystems":true},"in2DMode":false,"pivot":{"x":-9.779905319213868,"y":0.6636466979980469,"z":10.927152633666993},"rotation":{"x":-0.21380916237831117,"y":0.6395567655563355,"z":-0.19176436960697175,"w":-0.7130783200263977},"size":20.597063064575197,"orthographic":false}